{"cameraMode":{"drawMode":0,"name":"Shaded","section":"Shading Mode"},"sceneLighting":false,"audioPlay":false,"sceneViewState":{"showFog":true,"showMaterialUpdate":false,"showSkybox":false,"showFlares":true,"showImageEffects":true,"showParticleSystems":true,"showVisualEffectGraphs":true,"m_FxEnabled":true},"in2DMode":false,"pivot":{"x":-1.1392662525177003,"y":0.24885773658752442,"z":-1.0007697343826295},"rotation":{"x":0.0007093509193509817,"y":-0.9975177049636841,"z":-0.010165761224925518,"w":-0.06983333081007004},"size":0.2133975625038147,"orthographic":false}